行,カテゴリー(A),商品名(B),購入候補URL①(E列),金額（税込）(H列),選定商品・備考（2026-10-08時点の価格）
2,① 家具・家電,冷蔵庫 (残地物),https://item.rakuten.co.jp/jcm3/jcmr-1265-in/,187990,"既存URL維持。JCM JCMR-1265-IN 業務用冷蔵庫（価格.com最安=Amazon 187,990円）"
3,① 家具・家電,電子レンジ,https://www.amazon.co.jp/dp/B0DLGR99V1,7480,COMFEE' 電子レンジ 17L 単機能
4,① 家具・家電,炊飯器,https://www.amazon.co.jp/dp/B01H10F2D6,9510,タイガー 炊飯器 1升 マイコン
5,① 家具・家電,電気ポット,https://www.amazon.co.jp/dp/B0DY1KXKB5,5680,COMFEE' 電気ポット 3L
6,① 家具・家電,食器棚・調理台,https://www.amazon.co.jp/dp/B0869XZJHM,3790,不二貿易 食器棚 幅60cm
7,① 家具・家電,掃除機,https://www.amazon.co.jp/dp/B0DN5QSRWG,7980,ベルソス 紙パック式掃除機
8,① 家具・家電,ゴミ箱,https://www.amazon.co.jp/dp/B0BVQMTBDM,2143,アスベル ペダル式ゴミ箱 45L
9,① 家具・家電,ホワイトボード,https://www.amazon.co.jp/dp/B0BS3L8P58,2220,アスミックス 壁掛けホワイトボード 600×450
10,② 調理器具・食器,鍋・フライパン,https://www.amazon.co.jp/dp/B0D39W96YC,4168,パークレーン 鍋・フライパン5点セット IH/ガス対応
11,② 調理器具・食器,包丁・まな板,https://www.amazon.co.jp/dp/B0BPK6X6CZ,1418,パール金属 三徳包丁・ピーラー・キッチンバサミ・まな板 4点セット
12,② 調理器具・食器,ボウル・ザル,https://www.amazon.co.jp/dp/B08JYNS17W,1155,ナガオ 耐熱ボウル＋ザル セット
13,② 調理器具・食器,お玉・フライ返し・菜箸・トング,https://www.amazon.co.jp/dp/B07BQCY7MS,1540,ナガオ 燕三条 キッチンツール4本セット
14,② 調理器具・食器,計量カップ・計量スプーン,https://www.amazon.co.jp/dp/B08LDVX3LP,915,パール金属 計量スプーン＋計量カップ
15,② 調理器具・食器,ピーラー・キッチンバサミ,https://www.amazon.co.jp/dp/B0B7M6SVML,1520,プラス キッチンバサミ 分解式（ピーラーは行11のセットに付属）
16,② 調理器具・食器,茶碗・汁椀・平皿・小皿,https://www.amazon.co.jp/dp/B0BLYJ1PCG,2485,キャッスルエンタープライズ 業務用 兼用碗 10個セット（割れにくい樹脂製）
17,② 調理器具・食器,コップ・マグカップ,https://www.amazon.co.jp/dp/B0CX4TL7TM,2647,Thunder Group 割れにくいタンブラー 240ml 12個セット
18,② 調理器具・食器,箸・スプーン・フォーク,https://www.amazon.co.jp/dp/B0C583FZ1R,1320,ナガオ 箸 10膳セット 食洗機対応（スプーン・フォークは別途）
19,② 調理器具・食器,介護用食器,https://www.amazon.co.jp/dp/B0D467JNVD,771,スケーター すくいやすいボウル（介護用）
20,③ 居室,介護ベッド・マットレス・ベッド柵,https://www.japanet.co.jp/shopping/interior/catslist/ATINLP000000000021412/PDWJD0224596/,49800,"既存URL維持。アテックス 電動リクライニングベッド AX-BE721（非課税49,800円＋送料2,420円）"
21,③ 居室,防水シーツ・寝具一式,https://www.amazon.co.jp/dp/B0H74SW2DQ,4980,"クモリ 布団4点セット シングル（防水シーツは B0FJFBCSSG 約1,780円を別途）"
22,③ 居室,ナイトテーブル,https://www.amazon.co.jp/dp/B00IZCW6KC,2862,Furinno サイドテーブル
23,③ 居室,衣装ケース,https://www.amazon.co.jp/dp/B00H1NM5WK,3355,アイリスオーヤマ ワイドチェスト W-543
24,③ 居室,カーテン,https://www.amazon.co.jp/dp/B0DR131T73,2060,クモリ 1級遮光カーテン 2枚組
25,③ 居室,LED照明,https://www.amazon.co.jp/dp/B0H3KV2JNZ,2230,ドウシシャ LEDシーリングライト 6畳
26,③ 居室,呼び出しベル,https://www.amazon.co.jp/dp/B01L0XQLGM,1073,オーム電機 ワイヤレスコールチャイム OCH-R40
27,③ 居室,テレビ台,https://www.amazon.co.jp/dp/B0BGM441XF,5399,既存URL維持。PERLEGEAR テレビスタンド
28,③ 居室,テレビ　人数分,https://www.amazon.co.jp/dp/B0H7BWGKMN,26598,既存URL維持。ANTTEQ 24型テレビ
29,③ 居室,ゴミ箱,https://www.amazon.co.jp/dp/B005S7A3GQ,752,アスベル ゴミ箱 10L
30,④ 浴室・トイレ,シャワーチェア,https://www.amazon.co.jp/dp/B003FLLDN4,5505,山善 コンフォートシャワーチェア YS-7003SN
31,④ 浴室・トイレ,滑り止めマット,https://www.amazon.co.jp/dp/B0G6KPQ5B5,1580,クモリ 浴室滑り止めマット 36×71cm 吸盤付
32,④ 浴室・トイレ,シャンプーラック・洗面器,https://www.amazon.co.jp/dp/B075RCP2K6,525,"レック 湯おけ（シャンプーラックは B00GT5PF96 約1,027円を別途）"
33,④ 浴室・トイレ,バスマット,https://www.amazon.co.jp/dp/B09CPQ6TX2,664,アイメディア マイクロファイバー バスマット
34,④ 浴室・トイレ,シャンプー・リンス・ボディソープ,https://www.amazon.co.jp/dp/B00UTBOE7U,1295,熊野油脂 業務用 リンスインシャンプー 4L（ボディソープは行76）
35,④ 浴室・トイレ,手すり,https://www.amazon.co.jp/dp/B004PYZD18,6843,Drive Medical トイレ用手すり（据え置き）
36,④ 浴室・トイレ,ペーパーホルダー,https://www.amazon.co.jp/dp/B00BVW2LAI,909,レック ペーパーホルダー
37,④ 浴室・トイレ,消臭剤,https://www.amazon.co.jp/dp/B0GJ9N73HL,400,トイレの消臭力 ×4個（表示価格は要確認）
38,④ 浴室・トイレ,オムツ用ゴミ箱・汚物入れ,https://www.amazon.co.jp/dp/B07VNJJ57L,2164,リス 運べる防臭ペール 10L（おむつ用）
39,⑤ 洗濯・リネン,ドラム式洗濯機,https://www.amazon.co.jp/dp/B079PLFPFY,69598,既存URL維持。シャープ ドラム式 ES-S7C-WL
40,⑤ 洗濯・リネン,物干しラック・ハンガー,https://www.amazon.co.jp/dp/B07TLYJLHC,2082,"アイリスオーヤマ 室内物干し（ハンガーは B0FF4SVNPP 20本 約1,280円を別途）"
41,⑤ 洗濯・リネン,洗濯ネット,https://www.amazon.co.jp/dp/B0G38R22N7,999,ダイヤ 洗濯ネット 5枚セット
42,⑤ 洗濯・リネン,洗濯洗剤・柔軟剤,https://www.amazon.co.jp/dp/B0G8F9YN54,1805,"トップ クリアリキッド 業務用4kg＋洗濯槽クリーナー（柔軟剤は B000TGIBQ0 約1,073円）"
43,⑤ 洗濯・リネン,掛け布団・毛布・タオルケット,https://www.amazon.co.jp/dp/B0BCW9TP15,3313,"アイリスプラザ 掛け布団 シングル（毛布は B0FK49V176 約1,880円）"
44,⑤ 洗濯・リネン,バスタオル・フェイスタオル,https://www.amazon.co.jp/dp/B0C7BQYLG8,2556,泉州タオル 白タオル 12枚セット 業務用
45,⑥ 介護・医療用品,車椅子・歩行器・ポータブルトイレ,https://www.amazon.co.jp/dp/B0GJ4R3M3Y,12709,"OSJ 車椅子 自走介助兼用（歩行器 B0BSG98P2X 約7,541円／ポータブルトイレ B0BQ17LH16 約18,660円）"
46,⑥ 介護・医療用品,食事用エプロン・吸い飲み,https://www.amazon.co.jp/dp/B0CNR9V7TW,417,アーテック 食事用防水エプロン（吸い飲みは B09HS2CYW6 約973円）
47,⑥ 介護・医療用品,口腔ケア用品,https://www.amazon.co.jp/dp/B007M5WV08,1372,川本産業 マウスピュア 口腔ケアスポンジ 50本
48,⑥ 介護・医療用品,血圧計,https://www.amazon.co.jp/dp/B00NTL34UK,3111,A&D 上腕式スマートミニ血圧計
49,⑥ 介護・医療用品,パルスオキシメーター,https://www.amazon.co.jp/dp/B0BQ1DL4SQ,2400,カーボーイ オキシチェッカー FM-110（医療機器認証の有無は要確認）
50,⑥ 介護・医療用品,AED（任意）,https://canon.jp/biz/product/office-device/aed-sphygmo/aed/lineup/nihonkohden-3100,664400,"日本光電 AED-3100（オープン価格）。参考: AED-3150 ビックカメラ税込664,400円。レンタル（月4,000〜5,000円）も検討可"
51,⑥ 介護・医療用品,救急箱,https://www.amazon.co.jp/dp/B004UECFCI,1343,救急箱 F-2465
52,⑥ 介護・医療用品,消毒液・包帯・ガーゼ・絆創膏,https://www.amazon.co.jp/dp/B000FQNT2A,375,玉川衛材 マッキンα 消毒液 70ml（包帯 B0GTYCY15W 約548円／絆創膏 B000FQ4YJW 約558円 を別途）
53,⑥ 介護・医療用品,冷却剤,https://www.amazon.co.jp/dp/B0F7XSF8JM,838,アイスノン 冷却シート 30枚
54,⑦ オムツ・感染対策,紙オムツ・リハビリパンツ・尿取りパッド,https://www.amazon.co.jp/dp/B0H3TZX38K,5778,花王 スマートフィット 大人用パンツ M-L 96枚 ケース
55,⑦ オムツ・感染対策,防臭袋,https://www.amazon.co.jp/dp/B01BHRKBNU,462,"サンシャインポリマー ウィズケア 大人用 消臭おむつ処理袋ビッグ 20枚（BOS LL60枚 B00ZF0J76S 約1,582円は入荷待ち）"
56,⑦ オムツ・感染対策,オムツ用ゴミ箱,https://www.amazon.co.jp/dp/B0GJSCCZJ3,2892,アスベル 密閉ゴミ箱 30L パッキン付
57,⑦ オムツ・感染対策,手指消毒液,https://www.amazon.co.jp/dp/B0F4K368KB,2485,手指消毒液 2000ml 指定医薬部外品
58,⑦ オムツ・感染対策,マスク,https://www.amazon.co.jp/dp/B0GTTY8ZQ6,316,マツヨシ サージカルマスク 50枚
59,⑦ オムツ・感染対策,使い捨て手袋,https://www.amazon.co.jp/dp/B09R76NBDK,1198,川西工業 #2066 ニトリル使い切り手袋 粉無 100枚 L
60,⑦ オムツ・感染対策,エプロン,https://www.amazon.co.jp/dp/B00B2KDCKC,1261,エルフエプロン 使い捨て 100枚
61,⑦ オムツ・感染対策,ペーパータオル,https://www.amazon.co.jp/dp/B0CPLL6SW2,2730,by Amazon ペーパータオル 200枚×16パック
62,⑦ オムツ・感染対策,アルコールスプレー,https://www.amazon.co.jp/dp/B088PJHN7Q,2200,アルコール除菌スプレーEX 75% 5本セット
63,⑧ 清掃用品,掃除機・ハンディ掃除機,https://www.amazon.co.jp/dp/B07ZPYLLD2,2480,山善 コードレス ハンディクリーナー
64,⑧ 清掃用品,フローリングワイパー・モップ,https://www.amazon.co.jp/dp/B07WFTZWST,1315,ウェーブ フロアワイパー本体
65,⑧ 清掃用品,トイレ・浴室ブラシ,https://www.amazon.co.jp/dp/B07JPHN7ML,791,レック KAKU トイレブラシ ケース付
66,⑧ 清掃用品,スポンジ・雑巾・バケツ,https://www.amazon.co.jp/dp/B0CWL81XK1,2013,"トンボ フタ付きバケツ 10L（雑巾 B0CH4QTDMC 30枚 約1,100円）"
67,⑧ 清掃用品,ゴミ袋,https://www.amazon.co.jp/dp/B0H2YRT792,1100,ポリ袋 45L 半透明 100枚
68,⑧ 清掃用品,洗剤各種,https://www.amazon.co.jp/dp/B000TGMG3Y,891,マジックリン ハンディスプレー 400mL（住居用）
69,⑧ 清掃用品,コロコロ,https://www.amazon.co.jp/dp/B00NL2D8NA,1345,ニトムズ コロコロ 本体 ロング
70,⑧ 清掃用品,消臭スプレー,https://www.amazon.co.jp/dp/B0GJ99B4LY,1731,消臭力 業務用 ワイドスプレー 450mL×3
71,⑧ 清掃用品,高圧洗浄機（ケルヒャー等）,https://www.amazon.co.jp/dp/B0CVQJ5DXP,18497,ケルヒャー 高圧洗浄機 K2 Little Premium
72,⑨ 消耗品,トイレットペーパー・ティッシュ・キッチンペーパー,https://www.amazon.co.jp/dp/B0D3T4KBF8,3040,丸富製紙 ペンギン超ロング 250m トイレットロール ケース
73,⑨ 消耗品,ラップ・アルミホイル,https://www.amazon.co.jp/dp/B0G5FD8WD6,490,大和物産 ラップ 30cm×100m（アルミホイル B0792SVS96 約809円）
74,⑨ 消耗品,食器用洗剤,https://www.amazon.co.jp/dp/B0GWZXXNXM,647,ジョイ W除菌 詰め替え 1620mL（表示価格は要確認）
75,⑨ 消耗品,ハンドソープ,https://www.amazon.co.jp/dp/B07BBQYZF6,2673,キレイキレイ 薬用泡ハンドソープ 4L
76,⑨ 消耗品,シャンプー・リンス・ボディソープ,https://www.amazon.co.jp/dp/B0BZ6XQP75,2480,カネヨ 無添加泡のせっけんボディソープ 5kg
77,⑩ 防災・安全設備,消火器・火災報知器,https://www.amazon.co.jp/dp/B09S71NYTB,4770,"モリタ宮田 粉末ABC消火器10型＋格納箱（火災警報器 B07L44NLW3 約2,036円）"
78,⑩ 防災・安全設備,懐中電灯,https://www.amazon.co.jp/dp/B0CBTC9Z9D,699,ELPA LED懐中電灯
79,⑩ 防災・安全設備,非常食・飲料水（3日分）,https://www.amazon.co.jp/dp/B0851VHWFV,4850,尾西 アルファ米10種＋保存水500ml×24本（1人3日分目安。人数分必要）
80,⑩ 防災・安全設備,非常用トイレ,https://www.amazon.co.jp/dp/B0DWFR2P5X,4800,アイリスオーヤマ 非常用トイレ 100回分
81,⑩ 防災・安全設備,モバイルバッテリー,https://www.amazon.co.jp/dp/B0HF7DGHPM,3020,エレコム モバイルバッテリー 10000mAh
82,⑩ 防災・安全設備,ナースコール,https://www.amazon.co.jp/dp/B09F9Z7NPK,4471,ワイヤレスコールボタン ナースコールシステム
83,⑩ 防災・安全設備,防犯カメラ,https://www.amazon.co.jp/dp/B0H8SKL4RD,6300,TP-Link Tapo ネットワークカメラ 2K
84,⑩ 防災・安全設備,キーボックス,https://www.amazon.co.jp/dp/B01KJWKM38,2100,サンワサプライ キーボックス
85,⑩ 防災・安全設備,非常ベル,https://www.amazon.co.jp/dp/B0GT2M57QD,2764,オーム電機 monban CUBE II 押しボタン＋光フラッシュ受信機
86,⑪ 事務・IT・スタッフ用品,鍵管理ボックス,https://www.amazon.co.jp/dp/B002TOJRZO,4291,ナカバヤシ キーボックス 20個収容
87,⑪ 事務・IT・スタッフ用品,契約書ファイル,https://www.amazon.co.jp/dp/B003FGPMPE,724,プラス 個別フォルダー A4 10枚
88,⑪ 事務・IT・スタッフ用品,入居者カルテ・介護記録,https://www.amazon.co.jp/dp/B004QKZ3UW,688,プラス フラットファイル A4 2穴 10冊
89,⑪ 事務・IT・スタッフ用品,Wi-Fi,https://www.amazon.co.jp/dp/B0CDWRJ32Q,5980,TP-Link WiFi6 ルーター AX1800
90,⑪ 事務・IT・スタッフ用品,タブレット,https://www.amazon.co.jp/dp/B0GMPJM3ML,15826,アイリスオーヤマ タブレット 10.1インチ
91,⑪ 事務・IT・スタッフ用品,名札,https://www.amazon.co.jp/dp/B00E4DHUDO,1044,ライオン事務器 名札用ホルダー 10枚
92,⑪ 事務・IT・スタッフ用品,エプロン,https://www.amazon.co.jp/dp/B0CHV1Z12K,1573,エドウィン エプロン 無地
93,⑪ 事務・IT・スタッフ用品,ポロシャツ,https://www.amazon.co.jp/dp/B00CFA0XW8,860,グリマー ドライポロシャツ 半袖
94,⑪ 事務・IT・スタッフ用品,上履き,https://www.amazon.co.jp/dp/B09GK6JWRK,1169,オリエンタルトラフィック ナースシューズ
95,⑫ 入居者設備,衣類収納ケース,https://www.amazon.co.jp/dp/B01FS4AJW6,1645,アイリスオーヤマ 収納ケース 引き出し
96,⑫ 入居者設備,靴箱,https://www.amazon.co.jp/dp/B07JF838BL,1540,トレードワン シューズラック 10段
97,⑫ 入居者設備,傘立て,https://www.amazon.co.jp/dp/B00IM7I3V6,2200,山崎実業 傘立て スクエアメッシュ
98,,,,,（空行）
99,⑬ 開業時に契約しておくもの,火災保険・施設賠償責任保険,保険代理店へ要見積（火災保険＋施設賠償責任保険。定員数・補償額で保険料が決まる）,要見積,契約系のため商品URLなし
100,⑬ 開業時に契約しておくもの,インターネット回線,https://enhikari.jp/,4620,"enひかり 戸建て 月額4,620円税込（マンション3,520円）。縛りなし"
101,⑬ 開業時に契約しておくもの,電気・ガス・水道,https://enechange.jp/,要見積,地域の電力・ガス・水道会社と契約。エネチェンジで電力/ガス比較可
102,⑬ 開業時に契約しておくもの,ごみ収集契約,市区町村の事業系一般廃棄物 許可業者へ要見積,要見積,有料老人ホームは事業系ごみ扱い。自治体HPの許可業者一覧から選定
103,⑬ 開業時に契約しておくもの,消防設備点検,管轄消防署に登録の消防設備点検業者へ要見積（年1回報告・機器点検は半年ごと）,要見積,"小規模施設の目安 15,000〜30,000円/回（複数社見積推奨）"
104,⑬ 開業時に契約しておくもの,害虫駆除,https://curama.jp/pest/cockroach/,22000,"くらしのマーケット 害虫駆除（3LDK相当の相場 19,000〜45,000円の下限寄り目安）"
105,⑬ 開業時に契約しておくもの,エアコンクリーニング,https://curama.jp/aircon/,9000,"くらしのマーケット エアコンクリーニング 壁掛け1台あたり相場 8,000〜10,000円"
106,⑬ 開業時に契約しておくもの,リネンクリーニング,地域のリネンサプライ業者へ要見積（寝具・リネンのレンタル＋クリーニング）,要見積,"参考: 施設向け寝具レンタル 1,650円/月・床、リネン 1,100円/月・床"
